Hungary_1197,263
Hungary_1278,263
Hungary_1062,263
Hungary_1025,263
Hungary_1246,263
Hungary_1148,263
Hungary_1192,263
Hungary_1173,263
Hungary_1294,263
Hungary_1183,263
Hungary_1303,263
Hungary_5000,263
Hungary_1305,263
Hungary_1102,263
Hungary_1053,263
Hungary_1141,263
Hungary_1233,263
Hungary_1288,263
Hungary_1221,263
Hungary_1067,263
Hungary_1016,263
Hungary_1289,263
Hungary_1084,263
Hungary_1125,263
Hungary_1170,263
Hungary_1247,263
Hungary_1105,263
Hungary_1118,263
Hungary_1065,263
Hungary_1113,263
Hungary_1200,263
Hungary_1195,263
Hungary_1272,263
Hungary_1207,263
Hungary_1262,263
Hungary_1208,263
Hungary_1042,263
Hungary_1196,263
Hungary_1054,263
Hungary_1269,263
Hungary_1089,263
Hungary_1051,263
Hungary_1038,263
Hungary_1132,263
Hungary_1193,263
Hungary_1226,263
Hungary_1209,263
Hungary_1161,263
Hungary_1003,263
Hungary_1236,263
Hungary_1078,263
Hungary_1017,263
Hungary_1087,263
Hungary_1238,263
Hungary_1034,263
Hungary_1152,263
Hungary_1178,263
Hungary_1188,263
Hungary_1019,263
Hungary_1041,263
Hungary_1134,263
Hungary_1176,263
Hungary_1198,263
Hungary_1240,263
Hungary_1072,263
Hungary_1259,263
Hungary_1224,263
Hungary_1074,263
Hungary_1006,263
Hungary_1001,263
Hungary_1033,263
Hungary_1223,263
Hungary_1123,263
Hungary_1046,263
Hungary_1129,263
Hungary_1163,263
Hungary_1291,263
Hungary_1140,263
Hungary_1160,263
Hungary_1020,263
Hungary_1175,263
Hungary_1104,263
Hungary_1274,263
Hungary_1248,263
Hungary_1203,263
Hungary_1097,263
Hungary_1107,263
Hungary_1073,263
Hungary_1027,263
Hungary_1146,263
Hungary_1095,263
Hungary_1206,263
Hungary_1295,263
Hungary_1036,263
Hungary_1167,263
Hungary_1136,263
Hungary_1290,263
Hungary_1111,263
Hungary_1127,263
Hungary_1241,263
Hungary_1191,263
Hungary_1077,263
Hungary_1010,263
Hungary_1218,263
Hungary_1045,263
Hungary_1309,263
Hungary_1004,263
Hungary_1088,263
Hungary_1096,263
Hungary_1043,263
Hungary_1231,263
Hungary_1066,263
Hungary_1026,263
Hungary_1093,263
Hungary_1186,263
Hungary_1126,263
Hungary_1232,263
Hungary_1210,263
Hungary_1037,263
Hungary_1297,263
Hungary_1242,263
Hungary_1284,263
Hungary_1296,263
Hungary_1031,263
Hungary_1086,263
Hungary_1216,263
Hungary_1304,263
Hungary_1083,263
Hungary_1130,263
Hungary_1189,263
Hungary_1275,263
Hungary_1159,263
Hungary_1260,263
Hungary_1009,263
Hungary_1202,263
Hungary_1085,263
Hungary_1172,263
Hungary_1145,263
Hungary_1168,263
Hungary_1171,263
Hungary_1199,263
Hungary_1310,263
Hungary_1094,263
Hungary_1005,263
Hungary_1122,263
Hungary_1082,263
Hungary_1174,263
Hungary_1306,263
Hungary_1028,263
Hungary_1215,263
Hungary_1032,263
Hungary_1219,263
Hungary_1298,263
Hungary_1201,263
Hungary_1153,263
Hungary_5002,263
Hungary_1080,263
Hungary_1023,263
Hungary_1007,263
Hungary_1268,263
Hungary_1150,263
Hungary_1279,263
Hungary_1044,263
Hungary_1052,263
Hungary_1239,263
Hungary_1013,263
Hungary_1076,263
Hungary_1286,263
Hungary_1029,263
Hungary_1050,263
Hungary_1098,263
Hungary_1131,263
Hungary_1165,263
Hungary_1190,263
Hungary_1277,263
Hungary_1230,263
Hungary_1069,263
Hungary_1119,263
Hungary_1299,263
Hungary_1162,263
Hungary_1261,263
Hungary_1285,263
Hungary_1079,263
Hungary_1109,263
Hungary_1070,263
Hungary_1287,263
Hungary_1155,263
Hungary_1169,263
Hungary_5001,263
Hungary_1030,263
Hungary_1205,263
Hungary_1273,263
Hungary_1263,263
Hungary_1090,263
Hungary_1292,263
Hungary_1220,263
Hungary_1264,263
Hungary_1267,263
Hungary_1149,263
Hungary_1071,263
Hungary_1124,263
Hungary_1234,263
Hungary_1225,263
Hungary_1185,263
Hungary_1187,263
Hungary_1021,263
Hungary_1002,263
Hungary_1144,263
Hungary_1235,263
Hungary_1164,263
Hungary_1015,263
Hungary_1039,263
Hungary_1244,263
Hungary_1106,263
Hungary_1100,263
Hungary_1156,263
Hungary_1133,263
Hungary_1022,263
Hungary_1143,263
Hungary_1014,263
Hungary_1103,263
Hungary_1308,263
Hungary_1245,263
Hungary_1120,263
Hungary_1110,263
Hungary_1142,263
Hungary_1228,263
Hungary_1151,263
Hungary_1222,263
Hungary_1024,263
Hungary_1293,263
Hungary_1059,263
Hungary_1217,263
Hungary_1271,263
Hungary_1018,263
Hungary_1138,263
Hungary_1108,263
Hungary_1256,263
Hungary_1281,263
Hungary_1283,263
Hungary_1081,263
Hungary_1249,263
Hungary_1012,263
Hungary_1265,263
Hungary_1237,263
Hungary_1166,263
Hungary_1194,263
Hungary_1229,263
Hungary_1035,263
Hungary_1307,263
Hungary_1227,263
Hungary_1101,263
Hungary_1121,263
Hungary_1064,263
Hungary_1047,263
Hungary_1060,263
Hungary_1257,263
Hungary_1302,263
Hungary_1154,263
Hungary_1301,263
Hungary_1212,263
Hungary_1280,263
Hungary_1266,263
Hungary_1063,263
Hungary_1008,263
Hungary_1157,263
Hungary_1092,263
Hungary_1214,263
Hungary_1099,263
Hungary_1158,263
Hungary_1135,263
Hungary_1061,263
Hungary_1270,263
Hungary_1276,263
Hungary_1112,263
Hungary_1128,263
Hungary_1139,263
Hungary_1068,263
Hungary_1243,263
Hungary_1258,263
Hungary_1147,263
Hungary_1011,263
Hungary_1211,263
Hungary_1282,263
Hungary_1204,263
Hungary_1049,263
Hungary_1177,263
Hungary_1048,263
Hungary_1300,263
Hungary_1184,263
Hungary_1213,263
Hungary_1255,263
