LongBeach_159,263
LongBeach_174,263
LongBeach_132,263
LongBeach_8,263
LongBeach_22,263
LongBeach_175,263
LongBeach_64,263
LongBeach_115,263
LongBeach_55,263
LongBeach_134,263
LongBeach_70,263
LongBeach_104,263
LongBeach_151,263
LongBeach_53,263
LongBeach_185,263
LongBeach_57,263
LongBeach_29,263
LongBeach_157,263
LongBeach_196,263
LongBeach_177,263
LongBeach_111,263
LongBeach_46,263
LongBeach_2,263
LongBeach_140,263
LongBeach_187,263
LongBeach_99,263
LongBeach_19,263
LongBeach_201,263
LongBeach_167,263
LongBeach_100,263
LongBeach_50,263
LongBeach_34,263
LongBeach_103,263
LongBeach_110,263
LongBeach_13,263
LongBeach_148,263
LongBeach_176,263
LongBeach_33,263
LongBeach_87,263
LongBeach_51,263
LongBeach_35,263
LongBeach_41,263
LongBeach_109,263
LongBeach_30,263
LongBeach_27,263
LongBeach_12,263
LongBeach_10,263
LongBeach_94,263
LongBeach_60,263
LongBeach_11,263
LongBeach_47,263
LongBeach_84,263
LongBeach_152,263
LongBeach_155,263
LongBeach_107,263
LongBeach_6,263
LongBeach_79,263
LongBeach_80,263
LongBeach_97,263
LongBeach_67,263
LongBeach_85,263
LongBeach_77,263
LongBeach_142,263
LongBeach_61,263
LongBeach_141,263
LongBeach_25,263
LongBeach_93,263
LongBeach_68,263
LongBeach_120,263
LongBeach_199,263
LongBeach_88,263
LongBeach_133,263
LongBeach_75,263
LongBeach_32,263
LongBeach_184,263
LongBeach_194,263
LongBeach_44,263
LongBeach_20,263
LongBeach_181,263
LongBeach_179,263
LongBeach_158,263
LongBeach_9,263
LongBeach_69,263
LongBeach_112,263
LongBeach_18,263
LongBeach_172,263
LongBeach_98,263
LongBeach_121,263
LongBeach_63,263
LongBeach_182,263
LongBeach_192,263
LongBeach_28,263
LongBeach_127,263
LongBeach_4,263
LongBeach_114,263
LongBeach_3,263
LongBeach_145,263
LongBeach_124,263
LongBeach_101,263
LongBeach_102,263
LongBeach_83,263
LongBeach_144,263
LongBeach_161,263
LongBeach_66,263
LongBeach_36,263
LongBeach_40,263
LongBeach_154,263
LongBeach_166,263
LongBeach_122,263
LongBeach_193,263
LongBeach_130,263
LongBeach_117,263
LongBeach_149,263
LongBeach_191,263
LongBeach_59,263
LongBeach_58,263
LongBeach_125,263
LongBeach_56,263
LongBeach_173,263
LongBeach_126,263
LongBeach_21,263
LongBeach_92,263
LongBeach_72,263
LongBeach_135,263
LongBeach_116,263
LongBeach_156,263
LongBeach_128,263
LongBeach_143,263
LongBeach_180,263
LongBeach_73,263
LongBeach_169,263
LongBeach_23,263
LongBeach_200,263
LongBeach_81,263
LongBeach_89,263
LongBeach_178,263
LongBeach_160,263
LongBeach_86,263
LongBeach_48,263
LongBeach_163,263
LongBeach_136,263
LongBeach_37,263
LongBeach_131,263
LongBeach_91,263
LongBeach_76,263
LongBeach_171,263
LongBeach_197,263
LongBeach_183,263
LongBeach_62,263
LongBeach_7,263
LongBeach_189,263
LongBeach_105,263
LongBeach_106,263
LongBeach_42,263
LongBeach_164,263
LongBeach_95,263
LongBeach_74,263
LongBeach_65,263
LongBeach_113,263
LongBeach_26,263
LongBeach_39,263
LongBeach_17,263
LongBeach_188,263
LongBeach_45,263
LongBeach_52,263
LongBeach_129,263
LongBeach_146,263
LongBeach_190,263
LongBeach_119,263
LongBeach_82,263
LongBeach_96,263
LongBeach_43,263
LongBeach_54,263
LongBeach_195,263
LongBeach_150,263
LongBeach_147,263
LongBeach_165,263
LongBeach_168,263
LongBeach_90,263
LongBeach_31,263
LongBeach_170,263
LongBeach_153,263
LongBeach_71,263
LongBeach_38,263
LongBeach_49,263
LongBeach_162,263
LongBeach_15,263
LongBeach_186,263
LongBeach_5,263
LongBeach_108,263
LongBeach_137,263
LongBeach_139,263
LongBeach_202,263
LongBeach_16,263
LongBeach_198,263
LongBeach_14,263
LongBeach_78,263
LongBeach_138,263
LongBeach_24,263
